Bildnummer;Antwort_Emotionsrating;RT_Emotionsrating;pupil_d1_bl_right;pupil_d1_bl_left;pupil_d1_dilation_right;pupil_d1_dilation_left;Emotionalität_des_Bildes;d1_free_recall_remembered;d2_free_recall_remembered;recognition_correct;recognition_response;recognition_signal_detection;RT_recognition;recognition_certainty_old;RT_certainty_rating;memory_score;pupil_d2_bl_right;pupil_d2_bl_left;pupil_d2_dilation_right;pupil_d2_dilation_left
1;3;2238,950785;-,751887961077773;-1,08667196556305;,591236860232482;,364353811120399;1;0;0;1;1;1;1794,77608;2;1234,063185;2;,816076459032589;,867278876228768;,408919165777758;-,0412086457119355
2; ; ; ; ; ; ;0;0;0;0;1;2;2254,816455;2;356,1137705; ;-,401921416540079;-,0181696574620563;,230507480184688;,28230509186517
3; ; ; ; ; ; ;1;0;0;0;0;0;1818,385189; ; ;0;,22779527808463;-,0524407422682604;-,584396914384399;-,221005385699782
4; ; ; ; ; ; ;0;0;0;0;1;2;3107,492137;3;1247,867052; ;1,96538499584057;2,34666359136121;-,225437069464535;-,383821710856648
5; ; ; ; ; ; ;1;0;0;0;0;0;1316,50022; ; ;0;-1,42489006773643;-,78451311469028;,441221313832114;,586445278886885
6;0;877,3690832;,568966823476901;,998198314253671;-,845415055929175;-1,20869103841359;0;0;0;1;0;3;1251,539167; ; ; ;,15257366608858;-,0183553321165143;,34402854208866;,438838014080294
7;0;1607,777264;1,57903011292208;1,88375177402842;-,563614492558038;-,564547137253936;1;0;0;1;1;1;975,2838193;4;194,1635373;4;,523208576052236;,139110117973763;-,586407217783826;-,372476346696142
8; ; ; ; ; ; ;0;0;0;0;1;2;1760,993523;2;604,5692628; ;,249781094454063;-,0955451885596524;-,378435682050844;-,301496719195863
9; ; ; ; ; ; ;1;0;0;0;1;2;2611,825931;2;864,9054847; ;-,593106570019787;,179226636856691;-,515717384373658;-1,06113702036224
10;0;867,3720725;-,489514610916716;-,0837422632834365;,312298968187228;,670856287834188;0;0;0;1;0;3;1162,388471; ; ; ;,200134339147245;,161513698729126;,491311333808342;,418699532790078
11;3;984,5907039;-,0334343117213611;-,253341173487365;-,246460869145822;-,200958427780043;1;1;0;1;1;1;1133,818527;2;408,6013724;2;-1,32630375904967;-1,11561763507433;1,29123363334445;1,48450931876739
12; ; ; ; ; ; ;0;0;0;0;1;2;1180,82987;3;614,4970265; ;-,32974129898298;-,629372063149568;,929101466475128;1,22307004063418
13;0;922,4523334;-,610838029990726;-,526004100441137;,843146208703574;,759583264721557;0;0;0;1;1;1;756,9464671;4;155,745693;4;-,97962431139999;-1,53487866045492;,191226714282522;,503926549109522
14;1;1259,271315;1,2359083546389;,964174841410161;,640896380892172;,651350467300255;1;0;1;1;1;1;2428,067846;4;420,8535151;4;-,0582572616303889;,232396783549345;-,0105649380929842;-,232411717313415
15;0;854,0612206;-1,81598363477964;-,734539791644649;-,303031120216952;,255686349072734;0;0;0;1;0;3;2742,731416; ; ; ;3,02609621541269;2,88692060662464;-1,73124052143726;-1,65682004335972
16; ; ; ; ; ; ;1;0;0;0;0;0;1062,179736; ; ;0;,954367249557991;2,23852482338426;-,909065759985403;-1,34298714097654
17; ; ; ; ; ; ;0;0;0;0;1;2;704,3392304;4;208,0982648; ;-,982030287510236;-1,01948683582365;,997879425974588;1,31413524028033
18;1;1168,89762;-,337483603330839;-,876199466433386;-,182970484322115;,299187210996919;1;0;0;1;1;1;1202,857427;4;337,8651341;4;-,477608886650124;-1,29823312559291;,300277498054493;1,16471983547883
19;0;1529,152438;,31912917644892;,499609831736271;,684171286627984;,126466936722791;0;0;0;1;0;3;1258,503965; ; ; ;-1,13274138744249;-1,33332065206587;,707627829479087;,900035094765293
20;3;942,3780382;1,29288995558335;1,10143557023518;-,950255082714688;-1,13908011467619;1;0;0;1;1;1;1311,184329;3;916,0466339;3;-,930235061164609;-,271781076796306;,347279793072591;,355233458493608
21; ; ; ; ; ; ;0;0;0;0;0;0;1017,144451; ; ;0;-2,1421746154777;-2,72444623185823;2,79259270821972;3,34147885442467
22; ; ; ; ; ; ;1;0;0;0;1;2;927,1158995;4;206,8733712; ;-,745260214070088;-1,23791650981787;,606569602684726;,876420520230017
23; ; ; ; ; ; ;0;0;0;0;0;0;1993,410576; ; ;0;,590135502754395;1,08571220565915;-,768389571508811;-,554731628605438
24; ; ; ; ; ; ;0;0;0;0;0;0;1161,266855; ; ;0;-1,07491731665972;-,970392500451499;-,203691656047866;-,158589727094688
25; ; ; ; ; ; ;1;0;0;0;0;0;1296,102327; ; ;0;,110798432851189;-,150460349090085;-,2545112273793;,696855443508929
26;0;1459,999257;-,474569719492539;-,439684091976835;1,02460577434481;,595983854275463;0;0;0;1;0;3;1801,108065; ; ; ;,219844878524764;,406958482023856;,263943254391245;,11719968036322
27; ; ; ; ; ; ;1;0;0;0;0;0;2981,619011; ; ;0;-,201756551062971;-,145476161883359;,306743600563265;,0739211439246176
28;0;1028,287414;2,70798328827145;2,74258319719796;,785335714078942;,674057307695791;0;0;0;1;1;1;2077,098804;2;851,6927355;2;-,575267464665811;-,631638163566128;,83186219721551;,327634417002832
29;2;1644,355566;1,92569402548512;1,49144090749639;-,552239069526587;-,374077494838667;1;0;0;1;1;1;1664,172088;4;257,7191219;4;-,0855322210438465;-,191042544429778;-,0818232097409896;-,152154788661216
30;0;757,1089153;,218115114425283;,529597680594773;-,274452706155973;-,294029252033435;0;0;0;1;1;1;3175,839207;4;4675,600258;4;1,31412296868353;1,12626835601619;-,281188307847192;-,515803975058517
31;3;914,8669343;-1,43079407099665;-1,36547592459125;,910065029419451;1,33628196229996;1;0;0;1;1;1;1332,407799;4;277,942855;4;-,0444687827295013;,458548566435537;1,2623749536616;1,05408522707645
32;0;1773,876977;-,347051960838681;,0477683705396917;,31713643879195;,272028788652162;0;0;0;1;1;1;825,3711559;4;243,3619841;4;,173912759010904;-,123231918979267;,253523475744579;,295568972529851
33;2;1566,087398;,306803507563533;,31241909790878;1,74674075124253;2,14962682890325;1;0;0;1;0;3;2225,391106; ; ; ;-,680064935479929;-,578817792267308;,628156314001751;,653778138831039
34; ; ; ; ; ; ;0;0;0;0;0;0;2181,419705; ; ;0;-,29634211258432;,26035675782206;-,221373161134075;-,301158134421368
35;1;2399,198675;,731051684469974;-,141814627054595;-,686290723127388;-,234814060757854;1;1;0;1;1;1;1398,26499;4;501,1105022;4;-,831309176581687;-1,26779238956893;,333536178266224;,560584286520291
36;0;968,528902;-,413726139391057;-1,09056502331033;,872361721319937;1,46885179089498;0;0;0;1;0;3;1225,877984; ; ; ;-,648656880628263;-,27283795477661;-,203495746411982;-,0982192850221672
37; ; ; ; ; ; ;1;0;0;0;0;0;987,8762636; ; ;0;,217460592906496;-,429886001670024;-,183995437956717;,350102139981366
38; ; ; ; ; ; ;0;0;0;0;0;0;1867,703271; ; ;0;-,198054621534544;-,395842573210171;1,21375944275877;1,33515448688763
39;1;2812,657771;-,308175337617344;-,676485119413065;1,45682045479597;1,78417568280876;1;0;0;1;1;1;2315,573932;2;252,7829838;2;,815419070275698;,714150827689452;-,570910130508305;-,285897768460741
40; ; ; ; ; ; ;0;0;0;0;1;2;1218,923771;4;415,3204859; ;-,843241728002248;-1,18316675777376;,662064448328865;,585649764592156
41; ; ; ; ; ; ;1;0;0;0;0;0;2097,320934; ; ;0;,0334607056180912;,331242975873275;-,954625804136861;-,42886579608323
42;0;1085,533923;3,25319687132971;3,32249532169169;-2,35140739221245;-2,01711076420772;0;0;0;1;1;1;870,3487075;4;259,0190678;4;-,958709115467964;-1,0095614127851;,970246851526714;1,05225887978407
43; ; ; ; ; ; ;1;0;0;0;0;0;861,618254; ; ;0;-1,2493850669732;-,379010098098472;,291900073885877;,193242348050289
44; ; ; ; ; ; ;0;0;0;0;1;2;837,0308979;4;209,8956733; ;-,0909998935218487;-,0459157887193011;-,0180155029091222;-,181133063007597
45;3;892,7522084;-,519992648775455;-,608992023583269;2,17369518760706;2,37774005949176;1;0;0;1;1;1;3318,068622;2;326,6941949;2;-,72008422688041;-1,10919809317904;,667943683988;,844222067727599
46;0;1051,769436;-,017314660561815;-,0742857907408125;-,80352515727935;-,54837201535781;0;0;0;1;1;1;899,4343962;4;234,7392982;4;-,678856981185465;-,645834548369363;-,241908344881144;-,0426561984320409
47;2;1992,311133;-,508535121447181;-,64920476539013;,638047765835542;,475208079049363;1;0;0;1;1;1;1104,280279;4;304,3815035;4;-1,34096677343874;-1,38887003077039;,686467920304226;,614393829921594
48;0;1160,419934;-,118223705461608;-,468478106554481;-,0698411608621281;,340893451083901;1;0;0;1;1;1;968,4723336;4;118,0658639;4;1,64485792187456;1,44337927077753;,318121957385744;,21677106137481
49;0;934,9786658;-,302619931765977;,338889317275383;,0409175355531397;-,222312805326488;0;0;0;1;1;1;1495,44982;4;574,4918562;4;-,46231775720493;-,224042908240208;,987764982715007;1,20234469157766
50; ; ; ; ; ; ;1;0;0;0;1;2;2432,927007;2;564,8983002; ;-2,00526144927618;-1,95053693563396;,788438260094613;,812868934837618
51;1;1185,390811;-,0336486421241164;,230781603425203;,717124132568543;,974074111953844;0;0;0;1;1;1;1307,565136;3;411,1836237;3;1,31803448740368;1,13716246963763;-1,15567219345464;-1,04156261664488
52;3;1226,358702;-,0432357508299804;,0379902336411787;-,645835262919163;-,302271671392833;1;0;0;1;1;1;1976,290612;4;807,5269685;4;,0781008504430695;,299687423205829;,183224591241784;-,0911821134810241
53;0;895,7312015;,225378480590809;-,0774077730749679;,128565304464204;,335500518397169;0;0;0;1;1;1;3013,426792;2;450,0197086;2;,0338388988115648;-,431603599736589;-,0618012171453151;,522038778362127
54; ; ; ; ; ; ;1;0;0;0;0;0;2819,48243; ; ;0;,00645214993944808;-,191057623103946;-,458024771118033;-,259882320069958
55; ; ; ; ; ; ;0;0;0;0;1;2;1800,361069;3;634,1918647; ;-1,07281556360363;-,332082522511271;-,305896730171317;-,411440112738774
56;3;1531,897935;,0152077106410944;-,212871432071717;1,22580187636089;1,78347675211547;1;1;1;1;1;1;957,2410959;4;235,4035439;4;-,520839816896243;-,55024580659519;,575943740343797;,401590786039555
57;0;988,7525702;-,353561829140624;-1,60239321071611;,770757905237658;1,68645359196922;0;0;0;1;1;1;909,1600957;4;171,6654601;4;-1,24496354360832;-,69899053024689;,445447066602723;,127602137820894
58;0;1691,775055;,132878920558136;,225615673869628;-,71550982843483;-,735807673616285;1;1;1;1;1;1;986,8203984;4;209,3786457;4;,416626027253202;,755824170723466;-,444229618219613;-,236312981557183
59;0;1323,404341;-,0784006717029636;,0305631423868775;-,828200425624571;-,600653640405125;0;0;0;1;1;1;1147,375427;3;1097,309066;3;,150665000941481;-,176166290039479;-,0264284740598291;,825366414145572
60; ; ; ; ; ; ;1;0;0;0;1;2;1397,886842;4;451,6698991; ;-1,01503542997128;-,947146211109531;,818102510624488;,790990235549713
61; ; ; ; ; ; ;0;0;0;0;1;2;1794,625334;2;600,0629119; ;-1,27218956037321;-1,3031623898713;,938007550282449;,971888175681326
62;2;1988,532546;,491341984335655;,083918389416007;-,976942797986917;-,810959495644125;1;0;0;1;1;1;1395,700379;2;537,7675018;2;,270064040353235;,016465234628159;,0911728128834162;,201508111685441
63;0;883,7555723;,779646926477262;,616447056684766;-,674048113239951;-,890527309757812;0;0;0;1;1;1;1423,844385;4;554,9554619;4;-,187414686533397;-,136403826259088;,0721564804825059;,124933212493201
64; ; ;,342702075294284;,152183654836865;,426612598248382;,729271176652026;1;0;0;1;1;1;906,2651261;4;219,6454281;4;-1,6612035285121;-1,63601178502763;1,21836049610523;,988795481789071
65; ; ; ; ; ; ;0;0;0;0;0;0;1485,209979; ; ;0;1,35029269830762;,561426761962213;-,681875321378777;-,166264769374316
66;1;1575,60972;-,0940864742471077;-,20705872740055;-,48544833787843;-,834082108106943;1;1;0;1;1;1;1047,600327;4;266,7452946;4;-,801114343248027;-,129109860327573;-,358676200024757;-,716787166111111
67; ; ; ; ; ; ;1;0;0;0;0;0;1131,849204; ; ;0;,279567145438895;-,374377289692807;-,18220359796551;,406269779475189
68;0;978,7084113;,757178990181325;,405132415206627;-,497630324244375;-,475772829754202;0;0;0;1;0;3;941,1144536; ; ; ;-1,69924475827743;-,692511269649954;,865385558472095;1,0582707014818
69;2;1621,936141;-,882832858098179;-,669794960331085;,812607229089636;,528172412849006;1;0;0;1;1;1;2260,331843;4;678,8265488;4;-,132032742680839;-,00667148301485663;1,93023131951522;1,38474867140796
70; ; ; ; ; ; ;0;0;0;0;1;2;1795,54649;2;256,2225644; ;-2,04358966093537;-1,73645448909526;1,19795419248501;,877716372349404
71; ; ; ; ; ; ;1;0;0;0;0;0;1920,217494; ; ;0;-,342913823528321;-,107573858179845;-,770282205975562;-,607785715199952
72; ; ; ; ; ; ;0;0;0;0;0;0;1149,803083; ; ;0;-1,05263061423489;-1,10685632938784;-,198515275753807;-,00769606390932287
73;1;1644,490275;-,688960745769108;-1,03938179100129;,580772544668175;,800346838028327;1;0;0;1;1;1;4457,151931;3;766,2196072;3;1,21943284786752;,813542593860542;,161363912326074;,606270993840372
74; ; ; ; ; ; ;0;0;0;0;0;0;4195,085976; ; ;0;1,40338991033842;1,09663099347469;-,318930320056499;-,00143795720018081
75; ; ; ; ; ; ;1;0;0;0;0;0;1429,691736; ; ;0;-,0474170211392141;-,406345449717025;,140651160985847;,146694937823925
76;0;1125,717936;-,028743387739459;,022190540000426;1,11012646914746;1,46749804347719;0;0;0;1;1;1;666,6558733;4;237,4921814;4;-,427917193093257;,306646002869492;1,067713355316;-,418677665448752
77; ; ; ; ; ; ;1;0;0;0;0;0;2061,662993; ; ;0;-,327219362165616;-,347008125289755;,206972342959636;,23205257071051
78;0;938,1234792;1,29220161607161;1,18337129352872;,204327521708903;,161427716523334;0;0;0;1;1;1;3280,2265;3;1438,400059;3;,239321271822206;,388754409937685;,0513730960017348;,34107823888624
79; ; ; ; ; ; ;0;0;0;0;0;0;2057,68429; ; ;0;,754179025089522;,0690824052154246;,616980482668015;1,03814067146784
80; ; ; ; ; ; ;0;0;0;0;0;0;1001,163103; ; ;0;-,336225921834904;-,583415691257628;-,381851338644844;-,236813515208778
81;2;2841,991616;,577128216237814;,124319265417282;,34389371705985;,467259919913715;1;0;0;1;1;1;1974,009532;3;316,283081;3;,987770051038648;1,1072285598375;,510217100316807;,18685630107548
82; ; ; ; ; ; ;0;0;0;0;1;2;1517,3308;4;207,3127805; ;,651388339769174;,267574416523696;,456041481518139;,607925078703624
83;3;1472,319036;-,138895371589244;-,193599141948889;-,190295324561045;-,310210807216678;1;0;0;1;1;1;1543,662643;4;432,3313993;4;-,24984270328025;-,158826271676072;-,531015090212468;-,0966843991641944
84;0;1597,040637;1,55626860602994;1,54175547372433;-2,09711067037098;-1,64595379791232;0;0;0;1;1;1;1180,161776;4;298,9453369;4;-,993541264753366;-,221760545286633;-,20556579797979;-,404277074689018
85; ; ; ; ; ; ;1;0;0;0;0;0;1447,997464; ; ;0;,279894727484419;-,212829857813635;,642555241210223;1,01874675491097
86;0;867,9885265;,485335959552884;,825024794014799;-1,05859838528154;-1,31365333438368;0;0;0;1;1;1;1429,972701;4;289,1410568;4;-,517805928851537;-,592800109744219;,292159546930947;,305642511029807
87; ; ; ; ; ; ;1;0;0;0;1;2;2396,729944;2;328,9518606; ;-1,14032304863872;-1,04958478332155;,131890426892318;,409880401395663
88; ; ; ; ; ; ;0;0;0;0;1;2;2521,610069;1;1548,456374; ;,979833555640306;,704932274618705;,158740475129578;-,00908010342611443
89;1;1379,748621;-1,0154785551743;-1,11277089235886;-,745401520685438;,610540085420451;1;1;1;1;1;1;1338,297808;4;382,9610376;4;,878421606976754;,248484358097788;-,722848347312759;,279242541759621
90; ; ; ; ; ; ;0;0;0;0;0;0;2748,947935; ; ;0;1,35256908763245;1,01332954342916;,241300049264921;,114019450902382
91; ; ; ; ; ; ;1;0;0;0;0;0;1096,057552; ; ;0;-1,10206380162069;-1,28029306738353;,189686689352037;,527543008479071
92; ; ; ; ; ; ;1;0;0;0;1;2;709,872901;4;188,2331153; ;-,54159261222166;-,823667862208759;,500414110275381;,428821957727495
93; ; ; ; ; ; ;1;0;0;0;0;0;4378,491892; ; ;0;,825650308492088;,156015074158261;-,366385779507014;,56730221663663
94; ; ; ; ; ; ;0;0;0;0;1;2;1479,502149;4;128,8977844; ;-2,58782889381332;-3,18345536889136;,781375031848567;1,16564490626421
95; ; ; ; ; ; ;0;0;0;0;0;0;2178,382008; ; ;0;,0534864059901722;,0315948412064444;-,291190776259294;,197026790646717
96;2;1759,684423;-,00849775698923675;,694784504637177;,188781645925997;,109109009038011;1;0;0;1;1;1;2936,359211;1;1597,85464;1;-,236565341357012;-,417674103312217;-,356701252921778;-,163733382703976
97;0;1199,1013;,158545105625697;,0804545238235928;-,236476604771601;-,503339465053878;0;0;0;1;1;1;1286,396192;4;390,4133552;4;-,0204724246035849;-,0103780952830049;,154523064855884;,557716292231615
98; ; ; ; ; ; ;1;0;0;0;0;0;2147,254188; ; ;0;-,424852715893196;-,646918842120881;,0105159954444169;,761892506771613
99;0;1606,023802;-,898217150715533;-,802480128573716;1,64470706841647;1,70671431070564;0;0;0;1;1;1;929,4345053;4;375,2534135;4;1,3552531469732;,335872585772299;,378540638607268;,992887155091488
100; ; ; ; ; ; ;1;0;0;0;0;0;1946,269655; ; ;0;,0687338949070596;,790087487727827;,787625144728643;,768385369808881
101; ; ; ; ; ; ;0;0;0;0;1;2;1438,229106;2;433,9700432; ;-,438241311108632;-,262124328315654;,431397189465169;-,051177477054908
102;3;1610,276116;1,18312892184461;1,22877375784192;-,588853926222341;-1,05579615821097;1;0;0;1;1;1;1434,955988;4;712,7704366;4;-,7699167417852;-,461029403910218;,423626431672203;,415586537244361
103;0;1303,847803;,53413455289998;,225346394851698;,0605757864356777;-,29058284822034;0;0;0;1;1;1;1576,997131;3;225,8770219;3;,18903603741817;,0675827625300125;,698400471724786;,799242382685162
104;0;1268,365776;-1,28952073984615;-1,59963195198106;1,45176578968511;1,62755455080342;0;0;0;1;1;1;1038,018959;4;142,2962401;4;-1,3448918423963;-1,76823489262571;1,15214685650077;,899342888081184
105; ; ; ; ; ; ;1;0;0;0;0;0;4029,48191; ; ;0;-1,33629108200119;-1,43849577517458;,37321995297967;,393314878569054
106; ; ; ; ; ; ;0;0;0;0;0;0;1274,306021; ; ;0;-,189392970635142;-,523652051587979;,710500762949982;,252204259183733
107; ; ; ; ; ; ;1;0;0;0;1;2;2282,211219;3;407,2417694; ;1,32448212518595;,285544997625028;-,455082094372931;,700607291799581
108; ; ; ; ; ; ;0;0;0;0;0;0;1853,811522; ; ;0;-,625426919885593;-,858643532335166;-,551130373686685;-,0139975789228862
109;3;1119,525813;-,476084369876946;-,0500473640148892;,682966470855386;-,0976325828090852;1;0;0;1;1;1;1046,128787;4;177,377781;4;-,225825766995277;-,341108708253998;-,0604252613208238;,0617435152808279
110;0;712,9031979;-1,15510155981018;-,317753735195413;-,435236610999067;-,315754365889009;0;0;0;1;1;1;1572,313092;4;319,8050909;4;-,55580299245672;-,765100168362808;,0371183205968173;,361086429987544
111; ; ; ; ; ; ;1;0;0;0;1;2;2407,587203;2;940,5409764; ;,435892172515576;-,180482467376676;-1,04752783266798;-,261180435747891
112; ; ; ; ; ; ;0;0;0;0;1;2;1074,469725;4;126,745641; ;-1,15405924789227;-1,03658331075278;,313320825130944;,00570933435533938
113;1;2214,662112;,529905263631703;,77371296665887;-,489139726500833;-,941932101647365;1;1;1;1;1;1;1240,580555;4;385,6526601;4;-,874170701064416;-1,1077564805427;,586286211852385;,919136119499688
114; ; ; ; ; ; ;0;0;0;0;0;0;3003,317492; ; ;0;,787501182433335;1,18476355933766;,398017746975875;,0728665505919139
115;3;1170,087228;,257745712860767;-,340433176405801;,125628166450503;,21768589332728;1;1;1;1;1;1;1240,320759;4;375,1315335;4;-,917918013330683;-,941463683286045;,827759043497853;,756695238098617
116; ; ; ; ; ; ;0;0;0;0;1;2;2368,014706;2;406,5768822; ;-1,25102575803312;-1,40412873516912;,678099839732156;,560316678131275
117;0;1769,379942;-,792038871626849;-1,24077584422331;-,798318715443857;-,332732426791948;1;0;0;1;1;1;1033,038239;4;212,3181978;4;2,00764919754419;1,66476482183815;-,933427519476188;-,904406082555865
118;0;803,1627116;1,53604564943146;1,42425975588728;-,989467999407608;-1,22227032895769;0;0;0;1;0;3;844,6025296; ; ; ;-,531485955292532;-,552966364958671;-,0768905693984606;,0275035016819999
119;2;2437,587851;-,327733822232229;-,640253305886252;-,165938034737035;,405230457946249;1;1;1;1;1;1;873,8447378;4;221,7167459;4;-1,19474126724767;-1,4644280790083;,881812602297215;1,48813327049868
120;0;1129,078284;,940245317817374;1,2908673855822;,375103504401221;-,218913272605251;0;1;1;1;1;1;1048,053208;4;314,2874571;4;-1,12740997574743;-1,09030177286971;1,05022358861721;1,55092251467952
121;3;1858,039947;-,501450761742753;-,926469330715146;-,428880864119666;-,500605318028822;1;0;1;1;1;1;3626,097111;4;452,5570568;4;-,753683355121796;-,652695802045215;,214446107862433;,891783404559365
122; ; ; ; ; ; ;0;0;0;0;0;0;1520,556769; ; ;0;-,966371420801037;-1,06939176416471;,200670420790148;,278010998785292
123;3;1463,181276;-,990538420312953;-1,76579318926155;,750282430191385;1,13136522486045;1;1;0;1;1;1;2093,461509;4;339,684032;4;-,0196765503979071;,046948282325709;,280178230101681;,236376037830976
124; ; ; ; ; ; ;0;0;0;0;0;0;2451,137476; ; ;0;-,576149459108872;-,367187503691905;-,0410567643168136;,328365545774256
125; ; ; ; ; ; ;1;0;0;0;1;2;2025,952844;2;360,8439956; ;-,732985064109556;-,711413073113526;,884454543479024;,405238965085527
126; ; ; ; ; ; ;0;0;0;0;1;2;968,0582625;4;230,2403242; ;-,705860269640566;-,836458233339185;,0878565035098196;,312998092149704
127;0;1563,619016;1,71794008143552;1,02475078779128;-1,87929145555662;-1,6345011223291;1;0;0;1;1;1;1335,795741;4;311,4944817;4;-,745185846669018;-,722311821305823;1,14061025226278;1,35141207274629
128;0;891,1427567;-,613272517861663;-,502316277752972;-,155433458249221;,100836261325058;0;0;0;1;1;1;1218,418931;4;290,6542927;4;-1,03072043650415;-,954703368444701;,184943145606245;,271009010817206
129; ; ; ; ; ; ;1;0;0;0;0;0;2486,758817; ; ;0;1,14559007067529;1,05661539074009;-,193456544529337;,0969446474876488
130;0;1440,507828;-1,10370582766876;-1,65141715615611;,543987746812653;,775944951944097;0;0;0;1;1;1;1398,776886;4;328,5964844;4;-,358968680757746;-,50658025085295;,659016656122633;,780143185668849
131; ; ; ; ; ; ;1;0;0;0;0;0;1145,754744; ; ;0;,468991880387805;,00960297570736236;-,865205360538734;-,00777008649160063
132; ; ; ; ; ; ;0;0;0;0;0;0;1829,697894; ; ;0;,498923090818956;,372895757078879;-,743471645557032;-,928975182858913
133;1;1499,304454;,752430306781308;,363022415336199;,0884640383736734;,432323327601751;1;0;0;1;1;1;1766,875193;4;470,3005329;4;-,407921340321248;-,0932783612097652;,851827332486057;,321418846278119
134; ; ; ; ; ; ;1;0;0;0;0;0;3126,038096; ; ;0;-,960530560627709;-1,4975045672768;-,798594972005229;-,0748555647934985
135; ; ; ; ; ; ;0;0;0;0;1;2;1204,442187;4;233,5391013; ;-,722122137881157;-,901811924710468;,312455547205318;,720340226011538
136; ; ; ; ; ; ;1;0;0;0;1;2;1305,804292;2;649,2523781; ;-,689160259316391;-,273646263097906;,662225736602552;,836950034413055
137; ; ; ; ; ; ;0;0;0;0;1;2;1144,238301;4;184,6459958; ;-2,82690284709195;-2,97070474135286;,675950173761447;,441387519533971
138;2;1992,485934;,31192213764982;-,0950340607366609;-,161089107718803;,210102426376946;1;0;0;1;1;1;1022,996934;4;264,5482481;4;-,624023155738052;-1,01166146086011;,0398849215835058;,29016760867115
139; ; ; ; ; ; ;0;0;0;0;1;2;1584,612703;2;344,725051; ;-,197507995467461;-,128616376445719;,706637297012062;,663562644805549
140; ; ; ; ; ; ;1;0;0;0;1;2;2995,133253;2;398,9427068; ;-,307998552637293;,174395604117339;,256129216735497;-,118279737131913
141;0;1029,40614;-1,0428464949987;-,697935996266276;1,01033394721436;1,29036988974292;0;0;0;1;1;1;821,9383108;4;219,3830655;4;-,404731169501005;-,594668494552461;,0883503793271793;,11067541220854
142;0;2078,488964;-1,21668536893702;-,0371873950584143;-,17444755318812;,100978786205948;0;0;0;1;1;1;2194,51314;4;383,7404278;4;,112536453041786;-,614289048151363;-,475311537058554;,169537716860478
143;0;2149,494393;-1,2249270937223;-1,57989278902168;-,342461318207016;-,0774898623746436;1;0;0;1;1;1;1168,232936;4;488,5087564;4;-,0385437189539797;,493509249273681;1,05431247309998;,348195035668548
144; ; ; ; ; ; ;0;0;0;0;1;2;798,5447367;4;224,0831414; ;,176337088614363;,186613816410334;-,266365915495322;-,184316229872493
145; ; ; ; ; ; ;1;0;0;0;0;0;3396,975629; ; ;0;,11528919894046;,142976818763108;,54359104393448;,716228599251947
146; ; ; ; ; ; ;0;0;0;0;0;0;2133,360515; ; ;0;,231340283106987;-,144826408105584;-,240952445226801;,508598196524407
147; ; ; ; ; ; ;1;0;0;0;0;0;2628,258235; ; ;0;,841614510588372;,115217665014537;-,370526994975552;,48646270284613
148;0;877,9040703;-,913215266727477;-,344907527596215;,281767148831732;,338917512897726;0;0;0;1;0;3;1022,975445; ; ; ;-,570522723023026;,53271188300588;,301068477995314;-,126508705478972
149;3;742,4618785;,827093663030143;1,30591530367119;-,962719660613886;-1,29398677566464;1;0;0;1;1;1;1079,033488;4;293,4174744;4;-2,04343004116106;-2,24910519353463;1,62247371626028;2,03812973848592
150; ; ; ; ; ; ;0;0;0;0;0;0;1842,908719; ; ;0;,134546184569042;,890542528892505;-,634687154286584;-,855099274956799
151; ; ; ; ; ; ;1;0;0;0;0;0;1466,240968; ; ;0;,375173272416163;,57259040688441;,346018963705525;,705735868734702
152;0;1108,099604;-,227410486473151;-,0863417707995271;,123331155541689;-,244098213109823;0;1;1;1;1;1;1216,152285;4;946,2311665;4;-,0705279622592324;-,0470791312778203;,16637997763775;,323916879965246
153; ; ; ; ; ; ;1;0;0;0;0;0;2742,911991; ; ;0;,293852837155909;,584799106735576;-,635656552428092;-,64058731466908
154; ; ; ; ; ; ;0;0;0;0;0;0;3495,89821; ; ;0;,368708949640065;,12056648197841;-,0274573820126626;,189883002217519
155; ; ; ; ; ; ;1;0;0;0;0;0;1963,176329; ; ;0;-,855222109738454;-,826632420936045;2,35110194637322;2,60625333162812
156; ; ; ; ; ; ;0;0;0;0;0;0;1195,602041; ; ;0;1,92810682645973;1,56974038802146;-,451351329752604;-,155157729468201
157; ; ; ; ; ; ;1;0;0;0;0;0;2194,082391; ; ;0;-1,31158728013689;-1,78642521528723;-,569906831492971;-,0928818912962996
158; ; ; ; ; ; ;0;0;0;0;0;0;1829,375554; ; ;0;,455092299057417;,388720220858288;-,707966862010572;-,570067984144407
159;3;1150,300081;1,18861797596773;,713443334881274;-,249562215753172;-,0376319725159467;1;1;0;1;1;1;4997,528194;3;360,1018108;3;,394726972851683;,365045250991718;,727739364874982;,0426973220888627
160; ; ; ; ; ; ;0;0;0;0;0;0;898,8051108; ; ;0;,55847850779479;,475081190336689;1,43087599127686;,897127652228038
161; ; ; ; ; ; ;1;0;0;0;1;2;1176,701668;4;384,9762264; ;-,824453868783513;-,861349925883519;-,0456518116175199;,563422885009832
162; ; ; ; ; ; ;0;0;0;0;1;2;2756,426232;4;257,6180898; ;,374806425018493;,983787679157391;-,232081256474119;-,557839663202078
163; ; ; ; ; ; ;1;0;0;0;1;2;1757,260148;4;320,5347669; ;-,383202521962506;-,346383959565114;,883804123160733;,159774545340659
164; ; ; ; ; ; ;0;0;0;0;0;0;1282,126545; ; ;0;-1,12263973601151;-,865055167363106;,998012905925226;1,20407051437558
165;0;865,1891454;,532005569389317;,103073501809189;-,657587156427911;-,39699401235346;0;0;0;1;1;1;1654,528818;2;258,3599539;2;,311361513514365;-,150464918385287;,906898379286921;,813722479181417
166; ; ; ; ; ; ;1;0;0;0;1;2;1632,397984;2;548,9721184; ;2,43136072268493;2,59377884370628;-1,81507538526766;-2,03402815634048
167;1;2044,583994;-,624284040647307;-,676517745369162;,634850471765044;,642023214013328;0;0;0;1;1;1;2933,291685;3;369,6299366;3;1,03242187535931;,879104669141977;,296698121944847;,639234346359662
168;0;1381,803254;-,0201267327280293;-,497567133298528;,277273847982883;,542163433768647;1;0;0;1;1;1;1768,155895;3;278,6212132;3;1,26110695695603;1,11969588179712;,254340206192546;-,116434780346345
169;0;1161,668558;-1,14233151637827;-1,32088643560661;1,37617055834643;1,43348028330909;0;0;0;1;1;1;936,1144889;4;279,9035186;4;-,466270432243193;-,529706824660616;-,1002621301221;-,133380102990174
170;3;1628,41821;-,367360601863209;-,787056782229354;,590135820782232;,746708427471769;1;1;0;1;1;1;2043,442297;4;343,8459117;4;-,460172623164888;,099433948597051;,36728732534028;-,0903961947062197
171;0;790,3252656;-1,8189798449255;-,988279893822242;,01035850988232;,235506450343577;0;0;0;1;1;1;790,0750421;4;154,465312;4;,493900907676208;-,0099572631948683;,504031973104128;,498459844329427
172;2;1668,200982;-,987317258714309;-1,05421855941666;,896248833401319;,899986309663232;1;1;1;1;1;1;1382,685845;3;595,8776184;3;,779146449856328;,654603772612394;,054953139511134;-,123210588201913
173;0;1567,695246;-,895514153152948;-1,14978664787302;-,461384141300057;-,0436176866585307;0;0;0;1;1;1;879,3203551;4;248,2150514;4;-,723923443960631;-,48307945176821;,48573687736983;,798877752928014
174;3;1413,593934;,0321309814733311;,589721229035358;-,118164313048547;-,0859491754140119;1;1;1;1;1;1;1153,08454;4;399,2204648;4;-1,8183255592402;-1,54680589172162;1,39715800231753;1,35405397395664
175;0;1044,776436;,872088727091822;,871499549434384;-1,37036749434391;-1,48553652103493;0;0;0;1;1;1;1379,064407;2;530,6141108;2;-2,09060185571647;-2,24892459214176;1,07148416392151;1,00371822875806
176;2;1494,89081;-,623217400814443;-,548070045494859;,864016930015952;1,04808999928489;1;0;0;1;1;1;973,981949;4;468,6872272;4;-,647625748009586;-,87384055124867;,89213104741469;1,25106662939082
177;0;1372,762677;-1,58470191684675;-,482813767855431;-,0283468122469472;-,258424140930913;0;0;0;1;1;1;1027,259525;4;481,0952479;4;-,813410071367615;-,100984934498053;,151402971009725;-,388119132994459
178;3;1167,499212;-,0151596614454725;-,176228577450128;-,980953974767209;-,595857026615141;1;0;0;1;1;1;925,1353503;4;139,806361;4;,652024038034087;-,00875416776808869;-,318287391627594;,05392042496488
179; ; ; ; ; ; ;0;0;0;0;1;2;2647,876738;2;502,3123026; ;-,367643765216283;-,781761942048944;,261016706473511;,676103075488405
180; ; ; ; ; ; ;1;0;0;0;0;0;2648,820025; ; ;0;-,048786859132635;-,586692332847234;-,451020410708313;-,257207454658501
181; ; ; ; ; ; ;0;0;0;0;1;2;1091,445358;2;429,260666; ;-1,0847248415969;-,829807799914283;,731843958921166;,202402132955048
182; ; ; ; ; ; ;1;0;0;0;1;2;1897,01091;2;300,1413641; ;-,515746444446487;-,628914905164573;1,10236753133388;1,04058341668301
183; ; ; ; ; ; ;0;0;0;0;1;2;1946,802078;2;891,0160195; ;1,00310800969986;,353639833237126;-,304764204128598;,136334974811631
184; ; ; ; ; ; ;1;0;0;0;0;0;4076,220948; ; ;0;,553060890298277;,580392021512907;-,224329032040965;,0742444166992313
185;0;1623,526028;,587477923964695;,421408987372417;1,20977007090356;,790151873386481;0;0;0;1;1;1;955,6172059;4;259,0363876;4;-,147464693473956;-,00747202353430866;,0266603954740626;,0401778127142851
186;3;1157,217388;-,344005270870787;-,702408968895165;,585520109890845;,818875195922042;1;0;0;1;1;1;1034,706711;4;329,107418;4;-1,18848817649346;-1,38823718338486;,413592076383004;,452051797606733
187; ; ; ; ; ; ;0;0;0;0;0;0;1207,117452; ; ;0;-,546767184974719;-,846132345141605;,408440306454845;-,0430947202201752
188; ; ; ; ; ; ;1;0;0;0;0;0;2660,501256; ; ;0;-,243378936670612;-,257932913826536;-,0135498834891226;,321423872502842
189;0;1007,745255;-,282483614294666;-,500586872319561;-,649164783095593;-,346549689021952;0;0;0;1;1;1;1001,099918;4;240,1206188;4;-1,11765370368873;-1,01049766137207;,586407138331474;,260423651000145
190;1;1769,650643;-,0983231991683831;,546318253334384;,151671458462778;,131754639213095;1;0;0;1;1;1;885,7065439;4;153,6352454;4;-,400061595894524;-,362503976109494;-,0515777652593797;-,143351127594843
191;0;1053,618392;,544756080275711;,290228393037024;,218374994074774;,0819527255523479;0;0;0;1;1;1;1428,699697;2;264,8805314;2;2,26810751289087;2,55714497635094;-1,07303976151291;-1,75813822438812
192; ; ; ; ; ; ;1;0;0;0;1;2;1790,489113;2;362,6962502; ;-,170827021834341;-,400067695038513;2,39838054488913;2,12244995858976
193;0;1275,01623;-,613497349976803;-1,01342072035801;-,292393449713093;-,0659228121368804;0;0;0;1;1;1;1113,335318;4;162,3384363;4;,716109141628131;,176669768924539;,345167762060308;,65198005719878
194; ; ; ; ; ; ;0;0;0;0;0;0;2037,523421; ; ;0;-,867327628928383;-,986938832238257;,4880647373726;,787172838642432
195; ; ; ; ; ; ;1;0;0;0;0;0;1422,546363; ; ;0;,446026199835281;,198676008041694;-,425158215226948;,238146473565698
196;0;1055,092578;,220968238739909;-,0731328537852051;,464279272464222;,565363245676877;0;0;0;1;1;1;2211,045514;2;639,0423661;2;-,763642758801457;-,991906811886118;,581893183839713;,9007385512008
197; ; ; ; ; ; ;0;0;0;0;0;0;994,7397087; ; ;0;,565785978925751;,590527839826002;-,658569498287997;-,606452145625622
198;2;1854,021449;,578831272859828;,916263969521659;-,443107820297199;-,204507304666514;1;0;0;1;1;1;1507,792089;4;314,8262948;4;-,73528929580845;-,829185342116153;,879846476675329;1,15683685196038
199;0;1039,609704;-,0726099950703734;-,231912813139066;-,0942032241917671;-,0703286947715417;0;0;0;1;1;1;899,5155426;4;186,2127947;4;,421166014074271;,0700392156307971;-,893915229421548;-,816704858159992
200; ; ; ; ; ; ;1;0;0;0;0;0;1296,542377; ; ;0;-1,09894648860683;-1,25757544549647;,223885365038372;,396151497030676
201;0;1736,564832;,81717742111114;,977568141028484;,6945393408548;,786416964810314;0;0;0;1;1;1;2773,078241;2;464,3389995;2;,358963244744121;1,04947586698641;-,38978703951967;-,737495211968173
202; ; ; ; ; ; ;0;0;0;0;0;0;1166,598461; ; ;0;-1,43945996051501;-1,7769430138833;-,36143812267004;,124086065162684
203;3;862,5661689;-,402386764701679;,422271133228073;,091981722604895;,537867854436826;1;0;0;1;1;1;1592,172468;4;3453,057727;4;,804920872158033;,577266623594498;1,93231082591287;1,60181303999572
204; ; ; ; ; ; ;0;0;0;0;0;0;4049,695059; ; ;0;-,263694028991229;-,134361351303636;,379416203521571;,27255069101848
205;3;1180,258078;,0935891504245831;,840340612560193;-,500348358349692;-,756560079296709;1;0;0;1;1;1;1075,887702;4;186,6425819;4;,112023111398291;-,334960264629713;1,0828560995494;1,16148696773726
206; ; ; ; ; ; ;0;0;0;0;0;0;890,4386934; ; ;0;,277513222698455;,411776803814737;,545102085416005;,815179170491927
207;0;1339,246118;,468406244488047;,387094397169397;,391399775269052;,930046533001809;1;0;0;1;1;1;2639,648879;3;738,529444;3;,923459410821341;,842366164926502;1,26805786256;,540621188091053
208;0;791,9199634;,384952000272313;1,37704080700432;-1,69808106690924;-1,03866615269836;0;0;0;1;1;1;1658,010094;2;517,0584941;2;,551845110414551;,169602330371976;-,548651539770049;-,290555084904309
209; ; ; ; ; ; ;1;0;0;0;1;2;1138,167717;2;546,185237; ;-1,19575805077165;-1,22838925516325;1,98583261541999;1,98330048070529
210;0;1309,135772;-,23572068242318;-,112271594048237;-,210608977766484;-,469422256327939;0;0;0;1;1;1;1270,769899;4;481,0551558;4;-,865405517639199;-,929344693930686;,617944203714138;1,09055479809467
211; ; ; ; ; ; ;1;0;0;0;0;0;1290,361139; ; ;0;-,13700542700856;,486913837192701;-,388294844904831;,0117572534851729
212;0;1403,812137;1,18272317386612;,990501805258266;,438603540385402;,144613861120515;0;0;0;1;0;3;3185,182909; ; ; ;,522567395575065;-,0673096857862356;,91889099668527;1,02283992955324
213; ; ; ; ; ; ;1;0;0;0;0;0;1358,768508; ; ;0;-,169323703890284;,0628407479690112;,848431380075247;,46160116765013
214; ; ; ; ; ; ;0;0;0;0;1;2;1341,949395;2;578,6704142; ;-,969075502134374;-1,65462023973921;,194554369451923;,41995414375648
215; ; ; ; ; ; ;1;0;0;0;1;2;2849,489595;2;316,2253484; ;-1,13614178918499;-1,11661543008102;1,27981633387827;1,75588144948768
216;0;829,0008581;-,575807658930189;,029544246696554;,140149647925363;,163847092000128;0;0;0;1;0;3;1379,537173; ; ; ;1,72002858621859;1,46712149183807;,715435556796683;,447723955598966
217;0;1409,952622;,000875737339716627;,322663648123332;,51355092021918;,112319219309782;1;0;0;1;1;1;1080,959833;4;340,8553625;4;,244930766747761;,519159353435702;-,0205408959037791;-,0307979635228958
218;3;1060,84369;-,0500938463675796;-,0964898217073123;-1,50749073970031;-1,70276335337431;1;0;0;1;1;1;1593,533995;3;838,3039019;3;-,380371300976185;-,662813226868169;,296197238430078;,358381794273933
219;1;1605,895829;,0486862150215497;,484842680677921;2,83961242959179;2,62534497571695;0;0;0;1;0;3;2035,721843; ; ; ;,344506809923583;,62373087264818;-,0629858517072262;,37943975675759
220;0;2051,592069;3,72675679343839;4,05023932942635;-,861509884859446;-1,30062822557273;0;0;0;1;1;1;1377,370276;4;408,629918;4;-1,20853408424695;-,792415710742748;1,47214203308771;1,3809694073461
221;0;977,7965597;-1,47353481292843;-1,83115505814923;,38364828405646;,500043455738605;0;0;0;1;1;1;1291,742873;2;293,2137717;2;-,89375499065529;-,530697904790006;1,25561252566241;1,04352512893429
222; ; ; ; ; ; ;0;0;0;0;0;0;2657,845236; ; ;0;1,31196226198258;1,3467551267105;-,538369134239247;-,26235293798587
223;0;895,4585762;-,991511738110765;-,657656726101365;,115278728895641;-,32585748052813;0;0;0;1;1;1;760,9842217;4;272,678924;4;,274778552209763;-,617708708680803;,665439266414157;1,05970865868198
224;1;1329,633349;1,67022125506176;,871734594174438;-,225947683405078;,0790012253268128;0;0;0;1;0;3;1510,578009; ; ; ;-,371471606164348;-,392460184070212;-,313416232959298;,00344588828390208
225;0;1149,249672;-,612541216799256;-,989174580252122;1,07125819956097;1,28455327914744;0;0;0;1;1;1;1989,299372;3;6017,157922;3;,492472672204383;,486086794761075;,184742925680289;,396723115860489
226;0;772,3672743;-,752316144532721;-,737174912000142;-,184822023006501;,0267496078357176;0;0;0;1;1;1;1432,311514;4;187,7606701;4;-,946514609644276;-1,23875132005134;,861556609080385;,615412255525349
227; ; ; ; ; ; ;0;0;0;0;1;2;788,0986625;4;200,147843; ;-,423533489047726;-,970948583677626;1,41625230925627;1,1279122435199
228;0;870,1874904;1,1080068317048;,452068529216659;-,194089306835203;,408812650069579;0;0;0;1;1;1;1948,406724;3;344,2570962;3;,413886351266361;,549876897363037;,567528385622543;,0458199784301497
229;0;837,2197102;-,439071681266205;-,898669784163492;-,245943762100295;,138722414327944;0;0;0;1;1;1;790,9214663;4;225,0116742;4;-,358262984971101;-,44347417174278;,888262830226146;,686120341360522
230;0;960,1949058;-,486965558910676;-,613786762683716;-,0674252896631449;-,0261595835029164;0;1;0;1;1;1;1005,786523;4;611,6498466;4;,478953377870615;,889397006585276;-,584992634095468;-,615871970041349
231; ; ; ; ; ; ;0;0;0;0;1;2;1347,806048;4;349,4761241; ;-,523734663325701;,256155290883497;,59674492215132;-,310781070117523
232;0;1310,278233;-,607148587489849;-,697561027531412;,053576872482015;-,061828024886415;0;0;0;1;1;1;1030,362974;3;1777,690435;3;1,86175505533058;1,03115939023826;-,712739555422055;,0791781180549245
233;0;1108,096076;-1,03952461243128;-1,57482519685491;,701145872645736;1,11280840816922;0;0;0;1;1;1;1436,407963;3;952,6933699;3;1,47492976400957;2,07532906395379;-1,32163313505644;-,682804511833697
234; ; ; ; ; ; ;0;0;0;0;1;2;1269,370204;2;263,5690389; ;,049517787513361;,191610340714107;,240606863612176;,238333897747089
235;0;1148,278805;-,23005071243671;-,436494100607434;-,373926357913039;-,10692950326661;0;0;0;1;1;1;1310,27921;4;360,1707692;4;-,0785946006094455;,174361708254746;-,581261804043793;-,365237016480119
236; ; ; ; ; ; ;0;0;0;0;0;0;1228,600077; ; ;0;-,386065666903687;-,388293535161091;-,996920038829378;-,677037953286806
237;0;1191,97776;-,502459335289284;-1,04691832121398;-,843290436766516;-,538040221892447;0;0;0;1;1;1;2126,473336;3;314,7172443;3;,22088101664159;,356065215130535;,64272765281313;,923682568226029
238; ; ; ; ; ; ;0;0;0;0;0;0;1538,75922; ; ;0;1,36076864976684;1,17686050635567;,0035817120087811;,0935645439995307
239;0;910,6223182;-,6730788151899;-,680374960516778;-,393967921297608;-,476789748639319;0;0;0;1;1;1;951,7802325;4;214,2483914;4;-,66930344815963;-,503617976773264;,07839416542575;,199115720103393
240;0;709,9800129;-,0396971511069883;-,660394089769979;,658254015164322;,750525655980234;0;0;0;1;1;1;860,961706;4;160,9275154;4;,771717178270411;,467281403426273;-,0216015053448888;-,38547945115606
241; ; ; ; ; ; ;0;0;0;0;0;0;1733,476558; ; ;0;,598330615557098;,521587019976712;-1,28795138070319;-1,14708454925944
242; ; ; ; ; ; ;0;0;0;0;0;0;3009,306929; ; ;0;,819919569278037;,67469953291234;,000720235566983529;-,151610585602615
243;0;812,254927;,223215127839616;,00365899693715985;-,501804277566626;-,554612303862054;0;1;1;1;1;1;963,3767893;4;370,4583995;4;-,728806956265772;-,995818952844349;,771897684155921;,760338641783133
244;0;924,3700121;,0912902301135174;,238481788584674;-,0482133615569449;-,251422510493413;0;0;0;1;1;1;874,5596599;4;167,3974165;4;-,738275875652963;-1,03808660887435;,412199129105613;,553445325380516
245;0;733,9874;,540077567408444;,199013112596602;-,19113880300574;-,379687550965622;0;0;0;1;0;3;2236,37698; ; ; ;-1,72462263389244;-1,73410221592509;,372482476252396;,45804488519414
246;0;962,3528155;,275208151153832;,361950813510581;-,265616788119305;-,340962072813156;0;0;0;1;1;1;2491,124044;4;486,4717575;4;-,229572104276512;,100103350344195;,149332363275455;,133820491661776
247;0;1000,41901;-,703300834030055;-,809138121220107;,351711417415454;,280354840744091;0;0;0;1;1;1;1117,661415;4;301,3832567;4;-1,38278715430649;-1,70054531195901;,909065203818942;1,15675363483714
248; ; ; ; ; ; ;0;0;0;0;0;0;5751,381044; ; ;0;,0987073739892455;,0151377629859718;,139767968645794;,495193255189265
249; ; ; ; ; ; ;0;0;0;0;0;0;1119,435089; ; ;0;,475693964325977;,188763212873521;,363536260644127;,760013155654885
250; ; ; ; ; ; ;0;0;0;0;0;0;1678,301503; ; ;0;,691107523747304;1,24105270693544;-,76326505373724;-1,39553769123976
251; ; ; ; ; ; ;0;0;0;0;0;0;1090,03155; ; ;0;,989461353246521;1,62075428430813;-,326583170559735;-,41234096686213
252; ; ; ; ; ; ;0;0;0;0;0;0;2602,037046; ; ;0;1,42821217565891;,869524684820724;,0843509863061938;-,0859845401883482
253; ; ; ; ; ; ;0;0;0;0;1;2;2084,169766;2;849,6862066; ;1,22978310570656;,759378625461376;-,774576367220875;-,461111339204438
254; ; ; ; ; ; ;0;0;0;0;0;0;1780,820826; ; ;0;,0284001469895343;,223288350492976;-,768986894287915;-,474785412026998
255; ; ; ; ; ; ;0;0;0;0;0;0;1343,132914; ; ;0;-,841644417926282;-,945517714299412;-,479226392777469;-,197962429994318
256; ; ; ; ; ; ;0;0;0;0;0;0;1980,089097; ; ;0;-,432916573411104;-,415014773504448;-,33786167022217;,137775673588932
257; ; ; ; ; ; ;0;0;0;0;0;0;1189,069276; ; ;0;,568976705912456;,126833041883677;-1,38251024623441;-1,07250634068473
258;0;1699,918855;-,0447207884312521;-,253532242114764;-,160441343004908;-,127277898516037;1;0;0;1;1;1;1406,502792;4;273,1597083;4;-,227668902647001;-,391714109549572;-,0983191069739811;-,0299142618307611
259; ; ; ; ; ; ;1;0;0;0;1;2;2024,907563;2;438,9183693; ;-1,27592644282461;-1,61345500233169;1,47561264528425;1,30945679375418
260;2;1776,566987;,161541435109201;,227900869357964;,267291493010914;,523594210023691;1;0;0;1;1;1;1703,639704;4;346,1645174;4;-,96152505169131;-1,27546273103409;,233467066259672;,606249383761886
261;1;1850,354478;1,07184418510899;,536859253428964;-,828530689167818;-,630580234312836;1;1;0;1;1;1;1419,070219;3;325,1254716;3;,156525326940943;-,165401030542737;,324566510972182;,0469088414768706
262; ; ; ; ; ; ;1;0;0;0;1;2;1118,062657;4;295,2716185; ;-1,24190907740456;-1,90000327227306;1,25045076743862;1,62369611275189
263;3;1113,775342;-,100618061999664;,00246194601274531;-,426517978833168;-,118021409298675;1;0;0;1;1;1;1771,619531;2;791,7611551;2;1,5065665751827;1,20489861557635;-,463569194567652;-,572482426607537
264; ; ; ; ; ; ;1;0;0;0;1;2;1547,267723;2;777,4142809; ;-,0619446452667591;-,103130218595557;1,16786447461248;1,06316213199592
265;3;1239,732097;,877186831103902;1,38178443721266;-1,05426499687127;-1,81998933267292;1;0;0;1;1;1;706,5256926;4;150,1267064;4;-1,8818036182654;-2,14092895733702;-,167350774140646;-,00245657059694837
266;2;1657,682776;,11325527759141;,472695485798287;-,0691709606717758;,158480811502884;1;0;0;1;1;1;868,1535854;4;222,3328811;4;-1,2300516940203;-,820156253400477;,48238229518731;,303859009667054
267; ; ; ; ; ; ;1;0;0;0;0;0;4350,825463; ; ;0;,940667201124401;,699564723544502;,22621959567515;-,074793422378747
268;3;1248,573497;-,375659341399729;-,510325030933843;,634383145563937;,733820706937908;1;0;1;1;1;1;2737,096392;3;1273,696942;3;,805322424342868;,343181173448461;,554945119442623;1,13562018759674
269; ; ; ; ; ; ;1;0;0;0;0;0;1474,791168; ; ;0;-1,78537436492587;-1,2973703512728;,561610218311138;,624891785648999
270;0;1502,026537;,427378918305434;-,331286420685846;-,670228354035394;-,0109457785103899;1;0;1;1;1;1;1617,227779;4;413,9098858;4;,068895739347208;,756582216797536;-,0891095465464323;-,436502942962649
271; ; ; ; ; ; ;1;0;0;0;1;2;1967,732715;2;435,2282934; ;,210580257617577;,124991387452369;,0463586991894401;,707814898051772
272; ; ; ; ; ; ;1;0;0;0;1;2;2587,084621;2;364,9000322; ;-,694461081856096;-,683857481466219;-,128300928553083;,0415609383720369
273; ; ; ; ; ; ;1;0;0;0;0;0;935,0807545; ; ;0;-,0999469433798103;-,405275320780634;,915357671158594;1,36356084955465
274; ; ; ; ; ; ;1;0;0;0;0;0;2813,089185; ; ;0;-,355113334850157;-,78305596645025;,881481572019634;1,3589531722726
275;3;923,2160051;-,347367544639688;-1,08630236968336;,0163925120851712;1,1598443264989;1;1;0;1;1;1;1250,0471;4;293,7622315;4;-,959915996688315;-,812560819430881;,793301379629518;,533891987046549
276;0;1516,096892;-,027305607843917;-,428184131733299;,702971261198376;1,19635015563966;1;0;0;1;1;1;948,4596452;4;262,2366986;4;-1,64893838954787;-1,54821323464394;1,0190899462974;1,01275732275973
277;0;1187,214514;1,41619008333845;1,225582387911;,134997603299672;-,23613793934259;1;0;0;1;0;3;2647,114989; ; ; ;,0162278878242863;,373053397763361;,822638604280329;,973497024522075
278; ; ; ; ; ; ;1;0;0;0;0;0;1104,797307; ; ;0;,352787572361277;1,24077078142146;,161272144860009;,0429426932412296
279;3;1574,270327;-,0568851128263694;,056041118252645;-,370621659965882;-,210466366619609;1;0;0;1;1;1;1761,039068;3;522,4475124;3;1,11804532774621;1,21354554981728;,76997319133343;,0933082065386797
280; ; ; ; ; ; ;1;0;0;0;0;0;1026,585658; ; ;0;-1,06974330007312;-1,45483146245251;1,4814648096618;1,41288774218611
281; ; ; ; ; ; ;1;0;0;0;0;0;2361,47713; ; ;0;-1,2235477978614;-1,30646964573876;,664821643559227;1,32466700879223
282; ; ; ; ; ; ;1;0;0;0;0;0;871,8131914; ; ;0;,308089030057894;-,104166534747451;-1,23086423048123;-1,05722844524614
283; ; ; ; ; ; ;1;0;0;0;1;2;1499,500404;2;563,949561; ;-1,5711668524752;-1,75145411445602;,538096334590131;,604618793811392
284; ; ; ; ; ; ;1;0;0;0;0;0;3181,40431; ; ;0;-,345119023546149;-,532648536911891;-,6768901776795;-,344081636622747
285; ; ; ; ; ; ;1;0;0;0;0;0;2097,913976; ; ;0;,494987100774523;,308022731513961;-,410198904804499;,0285896231515991
286; ; ; ; ; ; ;1;0;0;0;0;0;1734,566421; ; ;0;-,250635240487161;-,015890949944643;,186790174423196;,365908245945344
287;2;1861,116123;1,35789412319132;1,25353731804028;,707925682691014;,973084764299232;1;0;0;1;1;1;1320,119734;4;400,048607;4;-,367346772326114;,0976921332659139;,683317237302711;,465737750596821
288; ; ; ; ; ; ;1;0;0;0;0;0;1762,716521; ; ;0;-,235154378526599;,351701426135236;,0666076391823194;-,62217705529223
289; ; ; ; ; ; ;1;0;0;0;0;0;2556,570371; ; ;0;,734089699067166;,0682869879224925;,447907028144588;,754320630689997
290;0;1167,665032;,469501764029969;,27462307657133;,374513021754878;,303316621028963;1;0;0;1;1;1;1623,724943;4;415,6896539;4;-,412503039626892;,0761488202458627;-,16276545180777;-,250471856600713
291; ; ; ; ; ; ;1;0;0;0;0;0;1452,036822; ; ;0;-,678038042429494;-,594710988997843;,106762270018286;-,124999467273635
292;1;2356,355122;-2,22787738242928;-,664369861208765;,613878552133325;,18506039675049;1;0;0;1;0;3;1049,701474; ; ; ;-,192770013386279;-,750401041357118;-,444863562421072;,360389591793641
293; ; ; ; ; ; ;1;0;0;0;0;0;3940,640725; ; ;0;1,15534523040107;,849672467955064;-,252641951903909;-,0804392435307737
294; ; ; ; ; ; ;1;0;0;0;0;0;2216,010519; ; ;0;-,178891991685172;-,0153074509473027;,59480890670061;,658600847145314
295;0;1052,817279;-,746024823230172;-,867619917764262;,478967985752962;,428859462009336;1;0;0;1;1;1;1009,676097;4;268,0269586;4;-1,94182232190324;-1,57164412351209;,680675534428761;,387191181285628
296;2;1963,204369;-,285029086171484;-,671610525859823;-,419266069081152;,222192410953283;1;1;1;1;1;1;3488,4321;3;322,0146461;3;,245679922970716;,567634092378419;-,213579600516209;-,787363129018086
297;2;2022,814701;1,11717053046134;1,13597037452443;-,475327073892649;-,109730740285893;1;0;0;1;1;1;992,9060569;4;189,582134;4;,13837260982066;-,226973654182997;,789974357099466;,727326359727716
298;3;1327,810608;-,183860362565458;-,332825354868521;-,311479834621243;-,0818020028255887;1;0;0;1;1;1;1314,325945;4;286,2188246;4;-,458821694831141;-,776376113793931;1,10940637406418;1,52554647684373
299;3;1169,484566;1,88019153777505;1,41630499636615;-1,62702695826671;-1,40240650394003;1;1;0;1;1;1;1216,558658;4;146,8760398;4;1,9720912510272;1,43990934800086;-1,57289353407884;-,742071589578087
300;2;1961,628274;-,823653322059068;-1,2738273163114;,405199980043326;1,0214897356144;1;0;0;1;1;1;1039,591852;4;179,1883398;4;-,406906892696401;-,794662433193746;-,769008028613432;-,513162922431556
